{
  "buildCommand": false,
  "outputDirectory": ".",
  "installCommand": false,
  "cleanUrls": true,
  "trailingSlash": false,
  "redirects": [
    { 
      "source": "/(.*)", 
      "destination": "https://stickmananimations.replit.app/$1" 
    }
  ],
  "headers": [
    {
      "source": "/(.*)",
      "headers": [
        {
          "key": "X-Content-Type-Options",
          "value": "nosniff"
        },
        {
          "key": "X-Frame-Options",
          "value": "DENY"
        },
        {
          "key": "X-XSS-Protection",
          "value": "1; mode=block"
        }
      ]
    }
  ],
  "github": {
    "silent": false,
    "enabled": true,
    "autoJobCancelation": true
  }
}